{
    "error": "0",
    "total": "10",
    "books": [
        {
            "title": "Learning C++ by Building Games with Unreal Engine 4, 2nd Edition",
            "subtitle": "A beginner's guide to learning 3D game development with C++ and UE4",
            "isbn13": "9781788476249",
            "price": "$44.99",
            "image": "https://itbook.store/img/books/9781788476249.png",
            "url": "https://itbook.store/books/9781788476249"
        },
        {
            "title": "Apache Kafka Quick Start Guide",
            "subtitle": "Leverage Apache Kafka 2.0 to simplify real-time data processing for distributed applications",
            "isbn13": "9781788997829",
            "price": "$29.99",
            "image": "https://itbook.store/img/books/9781788997829.png",
            "url": "https://itbook.store/books/9781788997829"
        },
        {
            "title": "Hands-On Dark Web Analysis",
            "subtitle": "Learn what goes on in the Dark Web, and how to work with it",
            "isbn13": "9781789133363",
            "price": "$29.99",
            "image": "https://itbook.store/img/books/9781789133363.png",
            "url": "https://itbook.store/books/9781789133363"
        },
        {
            "title": "CentOS Quick Start Guide",
            "subtitle": "Get up and running with CentOS server administration",
            "isbn13": "9781789344875",
            "price": "$39.99",
            "image": "https://itbook.store/img/books/9781789344875.png",
            "url": "https://itbook.store/books/9781789344875"
        },
        {
            "title": "Machine Learning with Apache Spark Quick Start Guide",
            "subtitle": "Uncover patterns, derive actionable insights, and learn from big data using MLlib",
            "isbn13": "9781789346565",
            "price": "$29.99",
            "image": "https://itbook.store/img/books/9781789346565.png",
            "url": "https://itbook.store/books/9781789346565"
        },
        {
            "title": "Mastering OpenCV 4, 3rd Edition",
            "subtitle": "A comprehensive guide to building computer vision and image processing applications with C++",
            "isbn13": "9781789533576",
            "price": "$44.99",
            "image": "https://itbook.store/img/books/9781789533576.png",
            "url": "https://itbook.store/books/9781789533576"
        },
        {
            "title": "Xamarin.Forms Projects",
            "subtitle": "Build seven real-world cross-platform mobile apps with C# and Xamarin.Forms",
            "isbn13": "9781789537505",
            "price": "$39.99",
            "image": "https://itbook.store/img/books/9781789537505.png",
            "url": "https://itbook.store/books/9781789537505"
        },
        {
            "title": "Microsoft Dynamics NAV Development Quick Start Guide",
            "subtitle": "Get up and running with Microsoft Dynamics NAV",
            "isbn13": "9781789612769",
            "price": "$29.99",
            "image": "https://itbook.store/img/books/9781789612769.png",
            "url": "https://itbook.store/books/9781789612769"
        },
        {
            "title": "Practical Network Automation, 2nd Edition",
            "subtitle": "A beginner's guide to automating and optimizing networks using Python, Ansible, and more",
            "isbn13": "9781789955651",
            "price": "$39.99",
            "image": "https://itbook.store/img/books/9781789955651.png",
            "url": "https://itbook.store/books/9781789955651"
        },
        {
            "title": "QlikView: Advanced Data Visualization",
            "subtitle": "Discover Deeper Insights with Qlikview by Building Your Own Rich Analytical Applications from Scratch",
            "isbn13": "9781789955996",
            "price": "$45.17",
            "image": "https://itbook.store/img/books/9781789955996.png",
            "url": "https://itbook.store/books/9781789955996"
        }
    ]
}
